"ID","Description","GeneRatio","BgRatio","RichFactor","FoldEnrichment","zScore","pvalue","p.adjust","qvalue","geneID","Count"
"GO:0022613","ribonucleoprotein complex biogenesis","24/153","450/13045",0.0533333333333333,4.54727668845316,8.34244203741173,4.65417978473868e-10,1.10490228089696e-06,1.04008670347371e-06,"RRP15/RAN/NOP16/PAK1IP1/STRAP/RPSA2/NIP7/WDR3/PNO1/UTP14A/EIF6/SNRPD1/DKC1/EIF1AX/PES1/RUVBL1/RPF2/NPM1/EIF3J/EIF2S2/MRTO4/WDR43/NOLC1/RPP40",24
"GO:0042254","ribosome biogenesis","19/153","309/13045",0.0614886731391586,5.24261268693022,8.22218156705531,3.53872268403629e-09,4.20046382595108e-06,3.95405697800476e-06,"RRP15/RAN/NOP16/PAK1IP1/RPSA2/NIP7/WDR3/PNO1/UTP14A/EIF6/DKC1/EIF1AX/PES1/RPF2/NPM1/MRTO4/WDR43/NOLC1/RPP40",19
"GO:0042273","ribosomal large subunit biogenesis","9/153","61/13045",0.147540983606557,12.579556412729,9.8751465408455,3.41937056509088e-08,2.70586190717525e-05,2.54713112620629e-05,"RRP15/NOP16/PAK1IP1/NIP7/EIF6/PES1/RPF2/NPM1/MRTO4",9
"GO:0016072","rRNA metabolic process","14/153","261/13045",0.053639846743295,4.57341046252473,6.35273499941035,2.33615826752494e-06,0.00138650993177605,0.0013051747373567,"RRP15/PAK1IP1/NIFK/MACROH2A2/WDR3/UTP14A/EIF6/DKC1/PES1/RPF2/MRTO4/WDR43/NOLC1/RPP40",14
"GO:0070486","leukocyte aggregation","4/153","11/13045",0.363636363636364,31.0041592394534,10.8450087814689,5.6318688997931e-06,0.00267401135362176,0.0025171489840549,"S100A8/S100A9/MSN/CD44",4
"GO:0006364","rRNA processing","12/153","220/13045",0.0545454545454545,4.650623885918,5.94895531289075,1.07150923070138e-05,0.00380095261711474,0.00357798182332045,"RRP15/PAK1IP1/WDR3/UTP14A/EIF6/DKC1/PES1/RPF2/MRTO4/WDR43/NOLC1/RPP40",12
"GO:0000470","maturation of LSU-rRNA","5/153","26/13045",0.192307692307692,16.3964303670186,8.56069185394776,1.12075266722002e-05,0.00380095261711474,0.00357798182332045,"RRP15/PAK1IP1/EIF6/PES1/RPF2",5
"GO:0061844","antimicrobial humoral immune response mediated by antimicrobial peptide","7/153","72/13045",0.0972222222222222,8.28930646332607,6.75652224282899,2.07056873591187e-05,0.00614441272381847,0.00578397029781697,"S100A9/DEFB1/S100A12/CXCL5/CCL2/CCL20/H2BC12",7
"GO:0018198","peptidyl-cysteine modification","5/153","32/13045",0.15625,13.3220996732026,7.60259671756085,3.24179833046738e-05,0.00855114359614395,0.00804951795974531,"S100A8/S100A9/ZDHHC9/ZDHHC2/TXN",5
"GO:0042255","ribosome assembly","6/153","54/13045",0.111111111111111,9.47349310094408,6.79718406771203,3.8302240887765e-05,0.0090929519867554,0.0085595428847079,"RPSA2/NIP7/EIF6/EIF1AX/NPM1/MRTO4",6
"GO:2001233","regulation of apoptotic signaling pathway","14/153","338/13045",0.0414201183431953,3.53153884828093,5.13703344891749,4.36241779193349e-05,0.00941489076186373,0.00886259614571751,"ACKR3/S100A8/TNFSF11/S100A9/TNFRSF12A/VNN1/PSME3/VDAC2/FADD/FGF2/CD44/GCLM/BCL2L1/MMP9",14
"GO:0008637","apoptotic mitochondrial changes","7/153","92/13045",0.0760869565217391,6.48728331912475,5.75383067476108,0.000101276322731683,0.0200358325137512,0.0188604941367862,"HSPD1/VDAC2/BCL2A1/AIFM2/GCLM/BCL2L1/MMP9",7
"GO:2001242","regulation of intrinsic apoptotic signaling pathway","9/153","163/13045",0.0552147239263804,4.70768675568387,5.18914913562078,0.000127786733025926,0.023335823400273,0.0219669015557928,"ACKR3/S100A8/S100A9/VNN1/VDAC2/FGF2/CD44/BCL2L1/MMP9",9
"GO:0019730","antimicrobial humoral response","7/153","101/13045",0.0693069306930693,5.90920856791562,5.39546500840783,0.000182123157824201,0.0308828840481894,0.0290712378993066,"S100A9/DEFB1/S100A12/CXCL5/CCL2/CCL20/H2BC12",7
"GO:0043065","positive regulation of apoptotic process","15/153","458/13045",0.0327510917030568,2.79240517167566,4.25401261345971,0.000316208505812208,0.0449720703793298,0.0423339269344731,"S100A8/HSPA9/TNFSF11/S100A9/E2F3/HSPD1/CCL2/TNFRSF12A/VNN1/WNT11/BCL2A1/AIFM2/FADD/BCL2L1/MMP9",15
"GO:0017014","protein nitrosylation","3/153","12/13045",0.25,21.3153594771242,7.66979752137043,0.000322040942059228,0.0449720703793298,0.0423339269344731,"S100A8/S100A9/TXN",3
"GO:0018119","peptidyl-cysteine S-nitrosylation","3/153","12/13045",0.25,21.3153594771242,7.66979752137043,0.000322040942059228,0.0449720703793298,0.0423339269344731,"S100A8/S100A9/TXN",3
