Run,ReleaseDate,LoadDate,spots,bases,spots_with_mates,avgLength,size_MB,AssemblyName,download_path,Experiment,LibraryName,LibraryStrategy,LibrarySelection,LibrarySource,LibraryLayout,InsertSize,InsertDev,Platform,Model,SRAStudy,BioProject,Study_Pubmed_id,ProjectID,Sample,BioSample,SampleType,TaxID,ScientificName,SampleName,g1k_pop_code,source,g1k_analysis_group,Subject_ID,Sex,Disease,Tumor,Affection_Status,Analyte_Type,Histological_Type,Body_Site,CenterName,Submission,dbgap_study_accession,Consent,RunHash,ReadHash
SRR28195716,2024-05-15 01:00:08,2024-03-01 13:44:34,26231281,7921846862,26231281,302,2448,,https://sra-downloadb.be-md.ncbi.nlm.nih.gov/sos11/sra-pub-zq-1140/SRR028/28195/SRR28195716/SRR28195716.lite.1,SRX23809226,GSM8122035,RNA-Seq,cDNA,TRANSCRIPTOMIC,PAIRED,0,0,ILLUMINA,Illumina NovaSeq 6000,SRP492791,PRJNA1082656,3,1082656,SRS20632112,SAMN40215616,simple,9606,Homo sapiens,GSM8122035,,,,,,,no,,,,,THE SECOND XIANGYA HOSPITAL OF CENTRAL SOUTH UNIVERSITY,SRA1814747,,public,CA9CB22FCEABF5F4B173C4B197D25601,4AD5039181A17118BD52613E2F8FF21A
SRR28195712,2024-05-15 01:00:08,2024-03-01 13:45:35,21193117,6400321334,21193117,302,1972,,https://sra-downloadb.be-md.ncbi.nlm.nih.gov/sos11/sra-pub-zq-1140/SRR028/28195/SRR28195712/SRR28195712.lite.1,SRX23809230,GSM8122036,RNA-Seq,cDNA,TRANSCRIPTOMIC,PAIRED,0,0,ILLUMINA,Illumina NovaSeq 6000,SRP492791,PRJNA1082656,3,1082656,SRS20632113,SAMN40215615,simple,9606,Homo sapiens,GSM8122036,,,,,,,no,,,,,THE SECOND XIANGYA HOSPITAL OF CENTRAL SOUTH UNIVERSITY,SRA1814747,,public,A3B32EA20C55977939D661485497AA78,8E7730CCB499CF73B48DEA2C6BF6EB9C
SRR28195713,2024-05-15 01:00:08,2024-03-01 13:49:07,24918789,7525474278,24918789,302,2308,,https://sra-downloadb.be-md.ncbi.nlm.nih.gov/sos11/sra-pub-zq-1140/SRR028/28195/SRR28195713/SRR28195713.lite.1,SRX23809229,GSM8122037,RNA-Seq,cDNA,TRANSCRIPTOMIC,PAIRED,0,0,ILLUMINA,Illumina NovaSeq 6000,SRP492791,PRJNA1082656,3,1082656,SRS20632119,SAMN40215614,simple,9606,Homo sapiens,GSM8122037,,,,,,,no,,,,,THE SECOND XIANGYA HOSPITAL OF CENTRAL SOUTH UNIVERSITY,SRA1814747,,public,20A9C22F32FEAB63E00CFED0B21816C2,9832DFC8BA4DED213ACAC3D90B5575A5
SRR28195714,2024-05-15 01:00:08,2024-03-01 13:44:22,25407906,7673187612,25407906,302,2356,,https://sra-downloadb.be-md.ncbi.nlm.nih.gov/sos11/sra-pub-zq-1140/SRR028/28195/SRR28195714/SRR28195714.lite.1,SRX23809228,GSM8122038,RNA-Seq,cDNA,TRANSCRIPTOMIC,PAIRED,0,0,ILLUMINA,Illumina NovaSeq 6000,SRP492791,PRJNA1082656,3,1082656,SRS20632114,SAMN40215613,simple,9606,Homo sapiens,GSM8122038,,,,,,,no,,,,,THE SECOND XIANGYA HOSPITAL OF CENTRAL SOUTH UNIVERSITY,SRA1814747,,public,612DAEF9303959BD0D20A2659F959FA6,0C12A05A8CD70B292DB5ADDA5B611F23
SRR28195715,2024-05-15 01:00:08,2024-03-01 13:44:13,21817334,6588834868,21817334,302,2098,,https://sra-downloadb.be-md.ncbi.nlm.nih.gov/sos11/sra-pub-zq-1140/SRR028/28195/SRR28195715/SRR28195715.lite.1,SRX23809227,GSM8122039,RNA-Seq,cDNA,TRANSCRIPTOMIC,PAIRED,0,0,ILLUMINA,Illumina NovaSeq 6000,SRP492791,PRJNA1082656,3,1082656,SRS20632111,SAMN40215612,simple,9606,Homo sapiens,GSM8122039,,,,,,,no,,,,,THE SECOND XIANGYA HOSPITAL OF CENTRAL SOUTH UNIVERSITY,SRA1814747,,public,C173CDBE4E4401E3A46690AA8531BCCA,B290D11FC3B18D476DAA3576F5B89D20
SRR28195707,2024-05-15 01:00:08,2024-03-01 13:43:43,17514876,5289492552,17514876,302,1681,,https://sra-downloadb.be-md.ncbi.nlm.nih.gov/sos11/sra-pub-zq-1140/SRR028/28195/SRR28195707/SRR28195707.lite.1,SRX23809235,GSM8122044,RNA-Seq,cDNA,TRANSCRIPTOMIC,PAIRED,0,0,ILLUMINA,Illumina NovaSeq 6000,SRP492791,PRJNA1082656,3,1082656,SRS20632118,SAMN40215607,simple,9606,Homo sapiens,GSM8122044,,,,,,,no,,,,,THE SECOND XIANGYA HOSPITAL OF CENTRAL SOUTH UNIVERSITY,SRA1814747,,public,42E7FBC70A5FBD05AFA1F109B14812F8,2C5EB626E59D429A4D667160FB505EB5
SRR28195708,2024-05-15 01:00:08,2024-03-01 13:46:28,22183581,6699441462,22183581,302,2115,,https://sra-downloadb.be-md.ncbi.nlm.nih.gov/sos11/sra-pub-zq-1140/SRR028/28195/SRR28195708/SRR28195708.lite.1,SRX23809234,GSM8122045,RNA-Seq,cDNA,TRANSCRIPTOMIC,PAIRED,0,0,ILLUMINA,Illumina NovaSeq 6000,SRP492791,PRJNA1082656,3,1082656,SRS20632120,SAMN40215606,simple,9606,Homo sapiens,GSM8122045,,,,,,,no,,,,,THE SECOND XIANGYA HOSPITAL OF CENTRAL SOUTH UNIVERSITY,SRA1814747,,public,E758AF0EA585F98521ACF0DA8F752ADF,5D39214D36193CA9D93E2DC623D54C8A
SRR28195709,2024-05-15 01:00:08,2024-03-01 13:45:17,19279319,5822354338,19279319,302,1853,,https://sra-downloadb.be-md.ncbi.nlm.nih.gov/sos11/sra-pub-zq-1140/SRR028/28195/SRR28195709/SRR28195709.lite.1,SRX23809233,GSM8122046,RNA-Seq,cDNA,TRANSCRIPTOMIC,PAIRED,0,0,ILLUMINA,Illumina NovaSeq 6000,SRP492791,PRJNA1082656,3,1082656,SRS20632117,SAMN40215605,simple,9606,Homo sapiens,GSM8122046,,,,,,,no,,,,,THE SECOND XIANGYA HOSPITAL OF CENTRAL SOUTH UNIVERSITY,SRA1814747,,public,35E5418B76CA46779C04B7EEFB459F20,4E4317082256323ED8802A2D73E6BB7E
SRR28195710,2024-05-15 01:00:08,2024-03-01 13:46:52,26152333,7898004566,26152333,302,2421,,https://sra-downloadb.be-md.ncbi.nlm.nih.gov/sos11/sra-pub-zq-1140/SRR028/28195/SRR28195710/SRR28195710.lite.1,SRX23809232,GSM8122047,RNA-Seq,cDNA,TRANSCRIPTOMIC,PAIRED,0,0,ILLUMINA,Illumina NovaSeq 6000,SRP492791,PRJNA1082656,3,1082656,SRS20632116,SAMN40215604,simple,9606,Homo sapiens,GSM8122047,,,,,,,no,,,,,THE SECOND XIANGYA HOSPITAL OF CENTRAL SOUTH UNIVERSITY,SRA1814747,,public,134EC399C3FED87C28E1A55F6F98E69F,B076583591B1FF8F5EB86951BA93BEA7
SRR28195711,2024-05-15 01:00:08,2024-03-01 13:48:54,33003804,9967148808,33003804,302,3042,,https://sra-downloadb.be-md.ncbi.nlm.nih.gov/sos11/sra-pub-zq-1140/SRR028/28195/SRR28195711/SRR28195711.lite.1,SRX23809231,GSM8122048,RNA-Seq,cDNA,TRANSCRIPTOMIC,PAIRED,0,0,ILLUMINA,Illumina NovaSeq 6000,SRP492791,PRJNA1082656,3,1082656,SRS20632115,SAMN40215603,simple,9606,Homo sapiens,GSM8122048,,,,,,,no,,,,,THE SECOND XIANGYA HOSPITAL OF CENTRAL SOUTH UNIVERSITY,SRA1814747,,public,90FB86F5F3624FA05DD7B2264B9C1D82,605A0E735CE95D4F01A9104E37478B96
SRR28195703,2024-05-15 01:00:08,2024-03-01 13:45:43,20576430,6214081860,20576430,302,1984,,https://sra-downloadb.be-md.ncbi.nlm.nih.gov/sos11/sra-pub-zq-1140/SRR028/28195/SRR28195703/SRR28195703.lite.1,SRX23809239,GSM8122040,RNA-Seq,cDNA,TRANSCRIPTOMIC,PAIRED,0,0,ILLUMINA,Illumina NovaSeq 6000,SRP492791,PRJNA1082656,3,1082656,SRS20632123,SAMN40215611,simple,9606,Homo sapiens,GSM8122040,,,,,,,no,,,,,THE SECOND XIANGYA HOSPITAL OF CENTRAL SOUTH UNIVERSITY,SRA1814747,,public,26A8497250FAE04A74972364142D5443,B60C50BFACDF885AD1451E19D48D4CAA
SRR28195704,2024-05-15 01:00:08,2024-03-01 13:47:01,25566496,7721081792,25566496,302,2366,,https://sra-downloadb.be-md.ncbi.nlm.nih.gov/sos11/sra-pub-zq-1140/SRR028/28195/SRR28195704/SRR28195704.lite.1,SRX23809238,GSM8122041,RNA-Seq,cDNA,TRANSCRIPTOMIC,PAIRED,0,0,ILLUMINA,Illumina NovaSeq 6000,SRP492791,PRJNA1082656,3,1082656,SRS20632126,SAMN40215610,simple,9606,Homo sapiens,GSM8122041,,,,,,,no,,,,,THE SECOND XIANGYA HOSPITAL OF CENTRAL SOUTH UNIVERSITY,SRA1814747,,public,8C92ACD7E2185E2F15D17D5DB95BE14B,744F03F5DF713105F17E335AA29792AB
SRR28195705,2024-05-15 01:00:08,2024-03-01 13:44:10,23742403,7170205706,23742403,302,2190,,https://sra-downloadb.be-md.ncbi.nlm.nih.gov/sos11/sra-pub-zq-1140/SRR028/28195/SRR28195705/SRR28195705.lite.1,SRX23809237,GSM8122042,RNA-Seq,cDNA,TRANSCRIPTOMIC,PAIRED,0,0,ILLUMINA,Illumina NovaSeq 6000,SRP492791,PRJNA1082656,3,1082656,SRS20632122,SAMN40215609,simple,9606,Homo sapiens,GSM8122042,,,,,,,no,,,,,THE SECOND XIANGYA HOSPITAL OF CENTRAL SOUTH UNIVERSITY,SRA1814747,,public,7BA665E9859F3D61183511FEE38C19CA,09F1221F1EF59ABA97203DE30E5A3D41
SRR28195706,2024-05-15 01:00:08,2024-03-01 13:44:01,20109132,6072957864,20109132,302,1939,,https://sra-downloadb.be-md.ncbi.nlm.nih.gov/sos11/sra-pub-zq-1140/SRR028/28195/SRR28195706/SRR28195706.lite.1,SRX23809236,GSM8122043,RNA-Seq,cDNA,TRANSCRIPTOMIC,PAIRED,0,0,ILLUMINA,Illumina NovaSeq 6000,SRP492791,PRJNA1082656,3,1082656,SRS20632121,SAMN40215608,simple,9606,Homo sapiens,GSM8122043,,,,,,,no,,,,,THE SECOND XIANGYA HOSPITAL OF CENTRAL SOUTH UNIVERSITY,SRA1814747,,public,95B9A060FD84E2E70DB6F64FD9CDB9A3,5AA98C65E193E72A93AC2088577B8570
SRR28195702,2024-05-15 01:00:08,2024-03-01 13:45:20,30669882,9262304364,30669882,302,2823,,https://sra-downloadb.be-md.ncbi.nlm.nih.gov/sos11/sra-pub-zq-1140/SRR028/28195/SRR28195702/SRR28195702.lite.1,SRX23809240,GSM8122049,RNA-Seq,cDNA,TRANSCRIPTOMIC,PAIRED,0,0,ILLUMINA,Illumina NovaSeq 6000,SRP492791,PRJNA1082656,3,1082656,SRS20632125,SAMN40215602,simple,9606,Homo sapiens,GSM8122049,,,,,,,no,,,,,THE SECOND XIANGYA HOSPITAL OF CENTRAL SOUTH UNIVERSITY,SRA1814747,,public,28AF4CB109E6BC1C927B3F91DC2E6F22,E75A54AC1E6A26ACF06C02CAD7176FC0
SRR28195701,2024-05-15 01:00:08,2024-03-01 13:44:44,29515716,8913746232,29515716,302,2741,,https://sra-downloadb.be-md.ncbi.nlm.nih.gov/sos11/sra-pub-zq-1140/SRR028/28195/SRR28195701/SRR28195701.lite.1,SRX23809241,GSM8122050,RNA-Seq,cDNA,TRANSCRIPTOMIC,PAIRED,0,0,ILLUMINA,Illumina NovaSeq 6000,SRP492791,PRJNA1082656,3,1082656,SRS20632124,SAMN40215601,simple,9606,Homo sapiens,GSM8122050,,,,,,,no,,,,,THE SECOND XIANGYA HOSPITAL OF CENTRAL SOUTH UNIVERSITY,SRA1814747,,public,2B7EBF1778785F90328B82360EA2A867,492C3084327C517912D998782A5144D1
