sample	gsm	condition	replicate
SRR28195716	GSM8122035	Control	1
SRR28195712	GSM8122036	Control	2
SRR28195713	GSM8122037	Control	3
SRR28195714	GSM8122038	Control	4
SRR28195715	GSM8122039	Control	5
SRR28195703	GSM8122040	Control	6
SRR28195704	GSM8122041	NAFL	1
SRR28195705	GSM8122042	NAFL	2
SRR28195706	GSM8122043	NAFL	3
SRR28195707	GSM8122044	NAFL	4
SRR28195708	GSM8122045	NAFL	5
SRR28195709	GSM8122046	NAFL	6
SRR28195710	GSM8122047	NASH	1
SRR28195711	GSM8122048	NASH	2
SRR28195702	GSM8122049	NASH	3
SRR28195701	GSM8122050	NASH	4
