"","SRR28195701","SRR28195702","SRR28195703","SRR28195704","SRR28195705","SRR28195706","SRR28195707","SRR28195708","SRR28195709","SRR28195710","SRR28195711","SRR28195712","SRR28195713","SRR28195714","SRR28195715","SRR28195716"
"protein_coding",98.284,97.674,98.029,95.261,97.533,97.946,97.781,98.089,97.988,95.377,97.842,95.223,94.55,97.144,98.154,94.506
"Mt_rRNA",0.428,1.034,0.619,3.062,0.32,0.771,0.964,0.587,0.805,2.897,1.008,3.116,4.03,1.253,0.189,3.691
"lncRNA",0.961,1.019,1.099,1.24,1.837,0.961,0.966,1.042,0.98,1.387,0.691,1.245,1.129,1.242,1.391,1.244
"unprocessed_pseudogene",0.134,0.14,0.093,0.253,0.142,0.098,0.075,0.114,0.065,0.148,0.217,0.201,0.165,0.204,0.078,0.357
"IG_C_gene",0.088,0.012,0.036,0.055,0.045,0.11,0.072,0.043,0.055,0.04,0.108,0.039,0.019,0.017,0.054,0.066
"processed_pseudogene",0.041,0.056,0.061,0.045,0.053,0.044,0.066,0.041,0.049,0.078,0.086,0.041,0.04,0.046,0.038,0.055
"transcribed_unprocessed_pseudogene",0.018,0.023,0.024,0.029,0.021,0.009,0.028,0.042,0.011,0.02,0.01,0.094,0.027,0.051,0.048,0.034
"TEC",0.017,0.02,0.015,0.022,0.024,0.017,0.015,0.019,0.016,0.017,0.009,0.017,0.019,0.017,0.021,0.018
"IG_V_gene",0.013,0.002,0.006,0.005,0.007,0.021,0.014,0.006,0.007,0.004,0.013,0.003,0.003,0.002,0.007,0.004
"artifact",0.006,0.007,0.003,0.014,0.003,0.01,0.005,0.002,0.006,0.009,0.004,0.007,0.006,0.003,0.003,0.003
"Mt_tRNA",0.001,0.003,0.002,0.003,0.001,0.002,0.003,0.002,0.001,0.009,0.004,0.003,0.003,0.004,0.005,0.009
"transcribed_processed_pseudogene",0.002,0.003,0.003,0.002,0.003,0.002,0.004,0.003,0.002,0.003,0.003,0.002,0.001,0.002,0.003,0.002
