"gene","expr","condition"
"COL1A1",9.16757062098714,"NASH"
"COL1A1",7.99286548296321,"NASH"
"COL1A1",9.74710237426943,"Control"
"COL1A1",10.1389965040162,"NAFL"
"COL1A1",9.69214781142638,"NAFL"
"COL1A1",9.47330996944493,"NAFL"
"COL1A1",10.8464526518921,"NAFL"
"COL1A1",9.0360152790619,"NAFL"
"COL1A1",10.7824700701458,"NAFL"
"COL1A1",8.84433721581049,"NASH"
"COL1A1",9.4252530403446,"NASH"
"COL1A1",10.6362240526717,"Control"
"COL1A1",8.2100488756076,"Control"
"COL1A1",9.1866278508237,"Control"
"COL1A1",9.41143073011999,"Control"
"COL1A1",8.47718946938393,"Control"
"COL1A2",9.33243226560211,"NASH"
"COL1A2",8.38405870078654,"NASH"
"COL1A2",9.36945399347424,"Control"
"COL1A2",9.72511591822091,"NAFL"
"COL1A2",9.61567841425775,"NAFL"
"COL1A2",9.91329118524559,"NAFL"
"COL1A2",10.7241060471526,"NAFL"
"COL1A2",8.44882446484842,"NAFL"
"COL1A2",11.0849289505459,"NAFL"
"COL1A2",8.5865545955971,"NASH"
"COL1A2",9.60056864690674,"NASH"
"COL1A2",10.8666289380101,"Control"
"COL1A2",8.70362183368179,"Control"
"COL1A2",8.52100147670278,"Control"
"COL1A2",8.81033721647946,"Control"
"COL1A2",8.48581290485897,"Control"
"COL3A1",11.1347670417657,"NASH"
"COL3A1",9.97175709851506,"NASH"
"COL3A1",10.7930249180578,"Control"
"COL3A1",11.2389595352103,"NAFL"
"COL3A1",10.9347500899085,"NAFL"
"COL3A1",10.2753501482971,"NAFL"
"COL3A1",11.5872608775541,"NAFL"
"COL3A1",10.3805613152949,"NAFL"
"COL3A1",12.2703564275675,"NAFL"
"COL3A1",9.07009083841464,"NASH"
"COL3A1",11.0546451567519,"NASH"
"COL3A1",12.0039964429027,"Control"
"COL3A1",9.36967391796333,"Control"
"COL3A1",10.030005888657,"Control"
"COL3A1",9.85851608387165,"Control"
"COL3A1",9.36313091559407,"Control"
"THBS2",8.73423374877788,"NASH"
"THBS2",5.97767358634035,"NASH"
"THBS2",8.160968579032,"Control"
"THBS2",8.82453676132917,"NAFL"
"THBS2",8.10121577293234,"NAFL"
"THBS2",9.62587389794468,"NAFL"
"THBS2",8.98306626809609,"NAFL"
"THBS2",6.85328968881279,"NAFL"
"THBS2",9.613036715655,"NAFL"
"THBS2",8.01067876939316,"NASH"
"THBS2",8.81156693512099,"NASH"
"THBS2",9.17273042147821,"Control"
"THBS2",8.67795803054263,"Control"
"THBS2",7.3325434671685,"Control"
"THBS2",5.6773643848245,"Control"
"THBS2",6.50343347162856,"Control"
"LUM",8.71071028330017,"NASH"
"LUM",7.59489770977847,"NASH"
"LUM",8.22723966130097,"Control"
"LUM",8.36556529089761,"NAFL"
"LUM",9.02764910296097,"NAFL"
"LUM",6.65657944869041,"NAFL"
"LUM",8.87026637175345,"NAFL"
"LUM",6.32364589843371,"NAFL"
"LUM",9.61712275520245,"NAFL"
"LUM",6.73166238717962,"NASH"
"LUM",8.99603048927849,"NASH"
"LUM",9.53049656740457,"Control"
"LUM",8.48000341742702,"Control"
"LUM",6.52940329020417,"Control"
"LUM",6.96658850889698,"Control"
"LUM",8.34597324709268,"Control"
"TIMP1",10.7243095580719,"NASH"
"TIMP1",9.61990619738798,"NASH"
"TIMP1",10.8523733098246,"Control"
"TIMP1",12.051583667171,"NAFL"
"TIMP1",9.15959846455324,"NAFL"
"TIMP1",12.6085706150905,"NAFL"
"TIMP1",12.9160075398235,"NAFL"
"TIMP1",9.63364221485825,"NAFL"
"TIMP1",12.9975105626753,"NAFL"
"TIMP1",10.5171520963488,"NASH"
"TIMP1",12.3545733754494,"NASH"
"TIMP1",13.6262741351789,"Control"
"TIMP1",10.3061543763796,"Control"
"TIMP1",10.6678311177289,"Control"
"TIMP1",10.2352843699907,"Control"
"TIMP1",11.6116567565448,"Control"
"SPP1",10.1513561510239,"NASH"
"SPP1",8.05632870836404,"NASH"
"SPP1",9.33165429968416,"Control"
"SPP1",9.18429754865556,"NAFL"
"SPP1",8.6766505896018,"NAFL"
"SPP1",9.67121709813111,"NAFL"
"SPP1",10.5472908250774,"NAFL"
"SPP1",8.42999416945814,"NAFL"
"SPP1",10.4122895598729,"NAFL"
"SPP1",10.8074072728864,"NASH"
"SPP1",11.836691001193,"NASH"
"SPP1",10.5693927081364,"Control"
"SPP1",9.63261453288367,"Control"
"SPP1",9.06414828696414,"Control"
"SPP1",7.81003173499163,"Control"
"SPP1",9.623471156182,"Control"
"KRT19",6.18465540154284,"NASH"
"KRT19",4.94819040421707,"NASH"
"KRT19",5.25004285756615,"Control"
"KRT19",5.07910307486757,"NAFL"
"KRT19",4.87903262513679,"NAFL"
"KRT19",6.11122029516997,"NAFL"
"KRT19",7.54378766304652,"NAFL"
"KRT19",4.9750249958766,"NAFL"
"KRT19",6.44041927372162,"NAFL"
"KRT19",7.75874403500736,"NASH"
"KRT19",8.79175242359716,"NASH"
"KRT19",8.19074534622784,"Control"
"KRT19",5.94623770351462,"Control"
"KRT19",5.10001485293821,"Control"
"KRT19",5.50426504609822,"Control"
"KRT19",7.55849918428512,"Control"
"EPCAM",6.33166075429037,"NASH"
"EPCAM",4.5905606097916,"NASH"
"EPCAM",5.70943268864418,"Control"
"EPCAM",6.33758575056924,"NAFL"
"EPCAM",5.53328502479102,"NAFL"
"EPCAM",6.60346975188731,"NAFL"
"EPCAM",6.47535338757391,"NAFL"
"EPCAM",5.41291457492078,"NAFL"
"EPCAM",6.54853600690406,"NAFL"
"EPCAM",7.41960126516189,"NASH"
"EPCAM",8.06019610423241,"NASH"
"EPCAM",6.54705764585214,"Control"
"EPCAM",6.67646230947122,"Control"
"EPCAM",5.9168701316098,"Control"
"EPCAM",5.80112822352904,"Control"
"EPCAM",7.43891993329472,"Control"
"CCL2",9.80543347349549,"NASH"
"CCL2",6.03427765330217,"NASH"
"CCL2",7.73328780931377,"Control"
"CCL2",8.17796527653953,"NAFL"
"CCL2",8.12021039746407,"NAFL"
"CCL2",8.2221697923376,"NAFL"
"CCL2",7.72254437368972,"NAFL"
"CCL2",7.22692423093,"NAFL"
"CCL2",9.06154177933557,"NAFL"
"CCL2",9.04849784597604,"NASH"
"CCL2",11.2703423097943,"NASH"
"CCL2",7.91760046019996,"Control"
"CCL2",8.10383292343017,"Control"
"CCL2",8.38015601909081,"Control"
"CCL2",6.60470502378942,"Control"
"CCL2",6.79752569108281,"Control"
"AKR1B10",8.83195156067936,"NASH"
"AKR1B10",5.03199309425621,"NASH"
"AKR1B10",7.82182950679134,"Control"
"AKR1B10",5.21115376087986,"NAFL"
"AKR1B10",9.35043080612607,"NAFL"
"AKR1B10",4.57959779195777,"NAFL"
"AKR1B10",5.30315627328612,"NAFL"
"AKR1B10",4.71036767003,"NAFL"
"AKR1B10",6.81624263299193,"NAFL"
"AKR1B10",8.0181139140101,"NASH"
"AKR1B10",10.4043439723635,"NASH"
"AKR1B10",4.98239442664276,"Control"
"AKR1B10",5.84092721288607,"Control"
"AKR1B10",4.60791212763992,"Control"
"AKR1B10",4.21882494931764,"Control"
"AKR1B10",4.32421709192659,"Control"
