"ID","Description","GeneRatio","BgRatio","FoldEnrichment","p.adjust","Count"
"GO:0022613","ribonucleoprotein complex biogenesis","24/153","450/13045",4.54727668845316,1.10490228089696e-06,24
"GO:0042254","ribosome biogenesis","19/153","309/13045",5.24261268693022,4.20046382595108e-06,19
"GO:0042273","ribosomal large subunit biogenesis","9/153","61/13045",12.579556412729,2.70586190717525e-05,9
"GO:0016072","rRNA metabolic process","14/153","261/13045",4.57341046252473,0.00138650993177605,14
"GO:0070486","leukocyte aggregation","4/153","11/13045",31.0041592394534,0.00267401135362176,4
"GO:0006364","rRNA processing","12/153","220/13045",4.650623885918,0.00380095261711474,12
"GO:0000470","maturation of LSU-rRNA","5/153","26/13045",16.3964303670186,0.00380095261711474,5
"GO:0061844","antimicrobial humoral immune response mediated by antimicrobial peptide","7/153","72/13045",8.28930646332607,0.00614441272381847,7
"GO:0018198","peptidyl-cysteine modification","5/153","32/13045",13.3220996732026,0.00855114359614395,5
"GO:0042255","ribosome assembly","6/153","54/13045",9.47349310094408,0.0090929519867554,6
"GO:2001233","regulation of apoptotic signaling pathway","14/153","338/13045",3.53153884828093,0.00941489076186373,14
"GO:0008637","apoptotic mitochondrial changes","7/153","92/13045",6.48728331912475,0.0200358325137512,7
"GO:2001242","regulation of intrinsic apoptotic signaling pathway","9/153","163/13045",4.70768675568387,0.023335823400273,9
"GO:0019730","antimicrobial humoral response","7/153","101/13045",5.90920856791562,0.0308828840481894,7
"GO:0043065","positive regulation of apoptotic process","15/153","458/13045",2.79240517167566,0.0449720703793298,15
"GO:0017014","protein nitrosylation","3/153","12/13045",21.3153594771242,0.0449720703793298,3
"GO:0018119","peptidyl-cysteine S-nitrosylation","3/153","12/13045",21.3153594771242,0.0449720703793298,3
