"baseMean","log2FoldChange","lfcSE","stat","pvalue","padj","gene_id","significant"
4594.84680283219,-1.30391330444437,0.236726289308428,-5.50810519716091,3.62716641099796e-08,0.00052819269736544,"ENSG00000090539.16","Yes"
181.84921451514,-1.98627787138634,0.374350330048576,-5.30593327145884,1.12097962742875e-07,0.00052819269736544,"ENSG00000289983.2","Yes"
129.213751585008,3.22101675560274,0.605590372289391,5.31880443116346,1.0445133433573e-07,0.00052819269736544,"ENSG00000170006.13","Yes"
19.8905812495354,7.11790900490458,1.34928324224234,5.27532602648759,1.32520277831134e-07,0.00052819269736544,"ENSG00000234665.10","Yes"
46.1617868005191,-2.29650420266679,0.448878168215292,-5.11609689506069,3.1192286699385e-07,0.000994597253696589,"ENSG00000203900.2","Yes"
33.309839562207,3.84187405274813,0.773543067576663,4.96659360516779,6.81391711460067e-07,0.00181057134263464,"ENSG00000167105.8","Yes"
78.2744415431588,-2.26128675304366,0.458684544382404,-4.92993884519997,8.22553618404517e-07,0.00187342461974617,"ENSG00000235200.6","Yes"
253.646200597006,3.03560124880864,0.642642300690495,4.72362501744282,2.31677427296406e-06,0.00461704152923326,"ENSG00000156510.13","Yes"
2101.21990985306,-1.23955509257811,0.273675499648043,-4.52928776661492,5.9182848389897e-06,0.0104839127986681,"ENSG00000109758.9","Yes"
58.1615645847573,-1.32546724180666,0.296625995581946,-4.46847970693277,7.87774844189671e-06,0.0125594943409159,"ENSG00000108556.10","Yes"
84.8043057140967,2.13113080861216,0.482707509240961,4.4149526738527,1.01032090873889e-05,0.0146432238618401,"ENSG00000126603.9","Yes"
97.2640392918658,1.95001295770733,0.452624785077634,4.30823282771151,1.6456410430087e-05,0.0218637126239064,"ENSG00000099284.15","Yes"
103.291803445534,-4.4469731886324,1.06425816201712,-4.17847224230251,2.93473805412627e-05,0.0359911759976424,"ENSG00000267541.1","Yes"
238.756659352282,2.13575842332942,0.517530835683083,4.12682351672911,3.67808441123592e-05,0.0390931331788895,"ENSG00000119771.15","Yes"
62.7469787155935,2.41443094524774,0.58285822358823,4.14239835269693,3.4369270854945e-05,0.0390931331788895,"ENSG00000175175.6","Yes"
163.823324185411,2.13486638295165,0.52444426403037,4.07072119836937,4.68678144553927e-05,0.0467008478663953,"ENSG00000166173.11","Yes"
439.066722197428,1.15282061908956,0.284983710977152,4.04521583053562,5.22749410146628e-05,0.0490246696821629,"ENSG00000131378.14","Yes"
