"gene_id","gene_symbol","gene_type","baseMean","log2FoldChange","lfcSE","stat","pvalue","padj","significant"
"ENSG00000090539.16","CHRD","protein_coding",4594.84680283219,-1.30391330444437,0.236726289308428,-5.50810519716091,3.62716641099796e-08,0.000528192697365456,"Yes"
"ENSG00000289983.2","ENSG00000289983","lncRNA",181.84921451514,-1.98627787138634,0.374350330048576,-5.30593327145884,1.12097962742877e-07,0.000528192697365456,"Yes"
"ENSG00000170006.13","TMEM154","protein_coding",129.213751585008,3.22101675560274,0.605590372289391,5.31880443116345,1.04451334335734e-07,0.000528192697365456,"Yes"
"ENSG00000234665.10","LERFS","lncRNA",19.8905812495354,7.11790900490458,1.34928324224234,5.27532602648758,1.32520277831137e-07,0.000528192697365456,"Yes"
"ENSG00000203900.2","ENSG00000203900","lncRNA",46.1617868005191,-2.29650420266679,0.448878168215291,-5.1160968950607,3.11922866993845e-07,0.000994597253696574,"Yes"
"ENSG00000167105.8","TMEM92","protein_coding",33.309839562207,3.84187405274813,0.773543067576663,4.96659360516779,6.81391711460067e-07,0.00181057134263464,"Yes"
"ENSG00000235200.6","LINC01702","lncRNA",78.2744415431588,-2.26128675304366,0.458684544382404,-4.92993884519997,8.22553618404517e-07,0.00187342461974617,"Yes"
"ENSG00000156510.13","HKDC1","protein_coding",253.646200597006,3.03560124880864,0.642642300690495,4.72362501744282,2.31677427296406e-06,0.00461704152923326,"Yes"
"ENSG00000109758.9","HGFAC","protein_coding",2101.21990985306,-1.23955509257811,0.273675499648043,-4.52928776661492,5.9182848389897e-06,0.0104839127986681,"Yes"
"ENSG00000108556.10","CHRNE","protein_coding",58.1615645847573,-1.32546724180666,0.296625995581947,-4.46847970693277,7.87774844189704e-06,0.0125594943409164,"Yes"
"ENSG00000126603.9","GLIS2","protein_coding",84.8043057140967,2.13113080861216,0.482707509240961,4.4149526738527,1.01032090873889e-05,0.0146432238618401,"Yes"
"ENSG00000099284.15","MACROH2A2","protein_coding",97.2640392918658,1.95001295770733,0.452624785077634,4.30823282771151,1.6456410430087e-05,0.0218637126239064,"Yes"
"ENSG00000267541.1","MTCO2P2","processed_pseudogene",103.291803445534,-4.4469731886324,1.06425816201712,-4.17847224230251,2.93473805412627e-05,0.0359911759976424,"Yes"
"ENSG00000119771.15","KLHL29","protein_coding",238.756659352282,2.13575842332942,0.517530835683084,4.1268235167291,3.67808441123599e-05,0.0390931331788903,"Yes"
"ENSG00000175175.6","PPM1E","protein_coding",62.7469787155935,2.41443094524774,0.58285822358823,4.14239835269693,3.4369270854945e-05,0.0390931331788903,"Yes"
"ENSG00000166173.11","LARP6","protein_coding",163.823324185411,2.13486638295165,0.524444264030371,4.07072119836936,4.68678144553934e-05,0.0467008478663961,"Yes"
"ENSG00000131378.14","RFTN1","protein_coding",439.066722197428,1.15282061908956,0.284983710977152,4.04521583053562,5.22749410146628e-05,0.0490246696821629,"Yes"
