"","PC1","PC2","group","condition","name"
"SRR28195701",-6.22972380050853,-6.44886099172669,"NASH","NASH","SRR28195701"
"SRR28195702",12.3662777929814,-4.72524115110458,"NASH","NASH","SRR28195702"
"SRR28195703",10.7708651528763,-3.87552881351637,"Control","Control","SRR28195703"
"SRR28195704",-7.88612148902629,16.898320468121,"NAFL","NAFL","SRR28195704"
"SRR28195705",30.3217945962058,-11.668956382111,"NAFL","NAFL","SRR28195705"
"SRR28195706",-44.1683722580346,8.9661378000077,"NAFL","NAFL","SRR28195706"
"SRR28195707",-14.4200029803018,-9.48434385597038,"NAFL","NAFL","SRR28195707"
"SRR28195708",19.7035255432038,-0.605301448816535,"NAFL","NAFL","SRR28195708"
"SRR28195709",-25.2799187555849,-10.6141223580927,"NAFL","NAFL","SRR28195709"
"SRR28195710",-24.1101459845562,-4.42359872182003,"NASH","NASH","SRR28195710"
"SRR28195711",-17.3600780243829,-19.2792068865822,"NASH","NASH","SRR28195711"
"SRR28195712",1.20013513978582,15.6090111326074,"Control","Control","SRR28195712"
"SRR28195713",8.16779299227928,16.5430964247984,"Control","Control","SRR28195713"
"SRR28195714",20.777681318963,-1.43862400461766,"Control","Control","SRR28195714"
"SRR28195715",37.6209004358761,0.155840866111816,"Control","Control","SRR28195715"
"SRR28195716",-1.47460967977632,14.3913779227118,"Control","Control","SRR28195716"
