sample	unstranded_counts	forward_stranded_counts	reverse_stranded_counts	reverse_to_forward_ratio
SRR28195701	22496168	2278962	24400197	10.71
SRR28195702	23195031	2375303	25031578	10.54
SRR28195703	15133004	1697330	16476010	9.71
SRR28195704	18871858	2088953	20478931	9.80
SRR28195705	17505911	1748964	18884337	10.80
SRR28195706	14804377	1622497	16138017	9.95
SRR28195707	12910847	1517251	14117824	9.30
SRR28195708	16175901	1794260	17608242	9.81
SRR28195709	14156584	1619502	15506784	9.58
SRR28195710	19607115	2226820	21446579	9.63
SRR28195711	25548831	2638782	27690001	10.49
SRR28195712	16285634	1608889	17481536	10.87
SRR28195713	18985406	1712531	20301960	11.85
SRR28195714	18700375	1815962	20048943	11.04
SRR28195715	16037135	1679399	17344372	10.33
SRR28195716	19522085	2241412	21224300	9.47
