sample	input_reads	uniquely_mapped_pct	multi_mapped_pct	too_many_loci_pct	unmapped_too_short_pct	unmapped_other_pct
SRR28195701	29515716	94.62%	2.90%	0.25%	2.44%	0.00%
SRR28195702	30669882	94.57%	2.62%	0.24%	2.77%	0.00%
SRR28195703	20576430	92.71%	3.51%	0.33%	3.73%	0.00%
SRR28195704	25566496	94.38%	2.60%	0.26%	2.99%	0.00%
SRR28195705	23742403	94.06%	2.70%	0.25%	3.19%	0.00%
SRR28195706	20109132	91.16%	4.00%	0.32%	4.76%	0.00%
SRR28195707	17514876	92.67%	3.12%	0.30%	4.16%	0.00%
SRR28195708	22183581	92.27%	3.65%	0.31%	4.02%	0.00%
SRR28195709	19279319	91.38%	5.01%	0.31%	3.56%	0.00%
SRR28195710	26152333	93.97%	2.84%	0.26%	3.13%	0.00%
SRR28195711	33003804	94.13%	2.79%	0.23%	3.05%	0.00%
SRR28195712	21193117	95.48%	2.41%	0.27%	2.08%	0.00%
SRR28195713	24918789	94.44%	3.19%	0.26%	2.33%	0.00%
SRR28195714	25407906	93.88%	3.19%	0.26%	2.88%	0.00%
SRR28195715	21817334	93.12%	3.96%	0.31%	2.86%	0.00%
SRR28195716	26231281	93.87%	2.82%	0.32%	3.26%	0.00%
